Автор;Книга;Цена
Акунин-Чхартишвили;Собачья смерть;790 ₽
Карризи Д.;Дом без воспоминаний;641 ₽
Рубина Д. И.;Эмиграция, тень у огня;515 ₽
Водолазкин Е. Г.;Чагин;856 ₽
Улицкая Л. Е.;Моё настоящее имя. Истории с биографией;797 ₽
АНОНИМYС;Дело Черных дервишей;473 ₽
Токарева В. С.;Внутренний голос;485 ₽
Шлинк Б.;Внучка;641 ₽
Пелевин В.;KGBT+;949 ₽
Ремизов В. В.;Вечная мерзлота;822 ₽
Арамбуру Ф.;Стрижи;1 228 ₽
Абгарян Н. Ю.;Молчание цвета. Сборник;573 ₽
Шпек Д.;Улица Яффо;780 ₽
Перес-Реверте А.;Итальянец;639 ₽
Старобинец А. А.;Лисьи Броды;905 ₽
Мотт А.;Интеллектуальные анекдоты, собранные и прокомментированные Борисом Акуниным;415 ₽
Нильссон М.;Чисто шведские убийства. Отпуск в раю;764 ₽
Лонгони А.;Принц Модильяни;847 ₽
Маринина А. Б.;Тьма после рассвета;598 ₽
Сандгрен Л.;Собрание сочинений;946 ₽
Гостевский А. В.;Сэмпай. Три истории одной судьбы. Книга 1. Агент;872 ₽
Устинова Т. В.;Роковой подарок;639 ₽
Арикава Х.;Хроники странствующего кота;199 ₽
Шоу Д. Дж.;Шахта;863 ₽
Севела Э.;Легенды Инвалидной улицы;764 ₽
Руни С.;Прекрасный мир, где же ты;672 ₽
Бюсси М.;Самолет без нее;780 ₽
Михалкова Е. И.;Перо бумажной птицы;515 ₽
Курицын В.;У метро, у Сокола;789 ₽
Бродский И. А.;Рождественские стихи;1 228 ₽
Сосновский А.;ГESS Тайный план Черчилля;467 ₽
Володина А.;Протагонист. С АВТОГРАФОМ;589 ₽
Коровин К. А.;Осенний дождь. Рассказы;672 ₽
Акунин Б.;Коронация, или последний из романов;374 ₽
Мукерджи А.;Неизбежное зло;772 ₽
Джордж Э.;Есть что скрывать;722 ₽
Веллер М. И.;Еврейская нота;672 ₽
Сент-Экзюпери А. де;Маленький принц. С иллюстрациями Антуана де Сент-Экзюпери;232 ₽
Франзен Дж.;Перекрестки;863 ₽
Литтера Н.;Встретимся на Арбате. Вся серия в одной книге;598 ₽
Шпек Д.;Piccola Сицилия;772 ₽
Рэнд А.;Атлант расправил плечи. В 3 частях. 13-е издание;1 121 ₽
Шмитт Э.-Э.;Путь через века. Врата небесные. Книга 2;764 ₽
Рубина Д. И.;Маньяк Гуревич. Жизнеописание в картинках;772 ₽
Бюсси М.;Черные кувшинки;747 ₽
Шеррифф Р. С.;Две недели в сентябре;730 ₽
Поляков Ю. М.;Совдетство 2. Пионерская ночь;631 ₽
Бакман Ф.;Бабушка велела кланяться и передать, что просит прощения;606 ₽
Шмитт Э.-Э.;Путь через века. Книга 1. Потерянный рай;764 ₽
Гарсиа Маркес Г.;Сто лет одиночества;473 ₽
Шевырев С. П.;Бабочки и хризантемы. Японская классическая поэзия IX — XIX веков;407 ₽
Фоли Л.;Стихотворения;1 110 ₽
Вильмонт Е. Н.;Квартира в Париже;498 ₽
Сорокин В. Г.;Рыжий доктор;473 ₽
Тойбин К.;De feminis;672 ₽
Степнова М.;Волшебник;826 ₽
Водолазкин Е. Г.;Женщины Лазаря;697 ₽
Вербер Б.;Лавр. Неисторический роман;830 ₽
Коровин К. А.;Пророчество о пчелах;598 ₽
